Project,FCID,Lane,Index,Library_Name,File_Name
JLeonard_160722,HWWNTBCXX,1,ACATAC~CCTCTG,ANSP20355_mc822_Sundamys infraluteus_2016may__92_21_nucmit,HWWNTBCXX_1_ACATAC~CCTCTG
JLeonard_160722,HWWNTBCXX,1,CGCTAT~CGCGCT,_102_blank_2016may_historic_99_17_nucmit,HWWNTBCXX_1_CGCTAT~CGCGCT
JLeonard_160722,HWWNTBCXX,1,TGAACA~CACTGT,BOR006_mc100R_Maxomys rajah_20160504_modern_5_18_nucmit,HWWNTBCXX_1_TGAACA~CACTGT
JLeonard_160722,HWWNTBCXX,1,ACAGTG~CGTGAT,BOR051_mc567_maxomys surifer_20160330_modern_1_5_nucmit,HWWNTBCXX_1_ACAGTG~CGTGAT
JLeonard_160722,HWWNTBCXX,1,GCCAAT~GCCTAA,1900200151_mc724_Cglareolus_20160405_modern_3_6_nucmit,HWWNTBCXX_1_GCCAAT~GCCTAA
JLeonard_160722,HWWNTBCXX,1,GCCAAT~CGTGAT,BOR047_mc568_maxomys surifer_20160330_modern_1_6_nucmit,HWWNTBCXX_1_GCCAAT~CGTGAT
JLeonard_160722,HWWNTBCXX,1,CAGATC~CGCGCT,USNM152176_103_Ccaniceps_2016may_historic_99_7_nucmit,HWWNTBCXX_1_CAGATC~CGCGCT
JLeonard_160722,HWWNTBCXX,1,GTATCT~CACTGT,BOR352_mc102R_Leopoldamys sabanus_20160504_modern_5_19_nucmit,HWWNTBCXX_1_GTATCT~CACTGT
JLeonard_160722,HWWNTBCXX,1,TGACCA~CGCGCT,USNM355619_97_Callosciurus caniceps_2016may_historic_99_4_nucmit,HWWNTBCXX_1_TGACCA~CGCGCT
JLeonard_160722,HWWNTBCXX,1,CTATCA~CGCGCT,USNM355631_113_Ccaniceps_2016may_historic_99_13_nucmit,HWWNTBCXX_1_CTATCA~CGCGCT
JLeonard_160722,HWWNTBCXX,1,ACATAC~CGTGAT,2012064589_mc700_Rattus rattus_20160330_modern_1_21_nucmit,HWWNTBCXX_1_ACATAC~CGTGAT
JLeonard_160722,HWWNTBCXX,1,CTCTAG~CGTGAT,2010045007_mc704_sciurus vulgaris_20160330_modern_1_44_nucmit,HWWNTBCXX_1_CTCTAG~CGTGAT
JLeonard_160722,HWWNTBCXX,1,GCAACG~CGTGAT,2012-064-134_mc373_Asylvaticus_20160330_modern_1_38_nucmit,HWWNTBCXX_1_GCAACG~CGTGAT
JLeonard_160722,HWWNTBCXX,1,ACTTGA~ACATCG,2012-064-083_mc392_Asylvaticus_20160401_modern_2_8_nucmit,HWWNTBCXX_1_ACTTGA~ACATCG
JLeonard_160722,HWWNTBCXX,1,TGCATA~CGCGCT,USNM308021_235_Tmcclellandii_2016may_historic_99_27_nucmit,HWWNTBCXX_1_TGCATA~CGCGCT
JLeonard_160722,HWWNTBCXX,1,TGAGCC~CGCGCT,USNM253573_226_Tmcclellandii_2016may_historic_99_22_nucmit,HWWNTBCXX_1_TGAGCC~CGCGCT
JLeonard_160722,HWWNTBCXX,1,CGATGA~CGCGCT,USNM259767_231_Tmcclellandii_2016may_historic_99_24_nucmit,HWWNTBCXX_1_CGATGA~CGCGCT
JLeonard_160722,HWWNTBCXX,1,GATCAG~ACATCG,2008-026-009_mc394_sciurus vulgaris_20160401_modern_2_9_nucmit,HWWNTBCXX_1_GATCAG~ACATCG
JLeonard_160722,HWWNTBCXX,1,GTATCT~GCCTAA,JAL5876_JAL2_Mus spretus_20160405_modern_3_19_nucmit,HWWNTBCXX_1_GTATCT~GCCTAA
JLeonard_160722,HWWNTBCXX,1,AGCATG~CCTCTG,ANSP20348_mc824_Rattus blangorum_2016may__92_23_nucmit,HWWNTBCXX_1_AGCATG~CCTCTG
JLeonard_160722,HWWNTBCXX,1,CGCTAT~CGTGAT,BOR130_mc456_Crocidura fuliginosa_20160330_modern_1_17_nucmit,HWWNTBCXX_1_CGCTAT~CGTGAT
JLeonard_160722,HWWNTBCXX,1,CTGACA~CGTGAT,2014007034_mc494_Crocidurarussula_20160330_modern_1_35_nucmit,HWWNTBCXX_1_CTGACA~CGTGAT
JLeonard_160722,HWWNTBCXX,1,ACTTGA~CACTGT,BOR258_mc103R_Leopoldamys sabanus_20160504_modern_5_8_nucmit,HWWNTBCXX_1_ACTTGA~CACTGT
JLeonard_160722,HWWNTBCXX,1,ATCACG~CGCGCT,USNM356728_91_Callosciurus caniceps_2016may_historic_99_1_nucmit,HWWNTBCXX_1_ATCACG~CGCGCT
JLeonard_160722,HWWNTBCXX,1,TTAGGC~CCTCTG,USNM488872_mc804_Rattus annandalei_2016may__92_3_nucmit,HWWNTBCXX_1_TTAGGC~CCTCTG
JLeonard_160722,HWWNTBCXX,1,TCTCGC~CGTGAT,1900200111_mc712_Cglareolus_20160330_modern_1_28_nucmit,HWWNTBCXX_1_TCTCGC~CGTGAT
JLeonard_160722,HWWNTBCXX,1,CAGATC~CACTGT,BOR367_mc94R_Maxomys alticola_20160504_modern_5_7_nucmit,HWWNTBCXX_1_CAGATC~CACTGT
JLeonard_160722,HWWNTBCXX,1,CGTATA~ACATCG,1208_mc399_microtus arvalis_20160401_modern_2_14_nucmit,HWWNTBCXX_1_CGTATA~ACATCG
JLeonard_160722,HWWNTBCXX,1,CGATGT~CCTCTG,USNM488867_mc803_Rattus annandalei_2016may__92_2_nucmit,HWWNTBCXX_1_CGATGT~CCTCTG
JLeonard_160722,HWWNTBCXX,1,TGAACA~CCTCTG,RMNH21253_mc819_Sundamys infraluteus_2016may__92_18_nucmit,HWWNTBCXX_1_TGAACA~CCTCTG
JLeonard_160722,HWWNTBCXX,1,TGTGAC~GCCTAA,JAL5883_JAL9_Mus spretus_20160405_modern_3_26_nucmit,HWWNTBCXX_1_TGTGAC~GCCTAA
JLeonard_160722,HWWNTBCXX,1,GACACT~CGCGCT,USNM311356_243_Tmcclellandii_2016may_historic_99_31_nucmit,HWWNTBCXX_1_GACACT~CGCGCT
JLeonard_160722,HWWNTBCXX,1,CAGATC~ACATCG,1900-172-010_mc389_chionomys nivalis_20160401_modern_2_7_nucmit,HWWNTBCXX_1_CAGATC~ACATCG
JLeonard_160722,HWWNTBCXX,1,ACTTGA~CCTCTG,USNM104838_mc809_Sundamys muelleri_2016may__92_8_nucmit,HWWNTBCXX_1_ACTTGA~CCTCTG
JLeonard_160722,HWWNTBCXX,1,GTGTAT~ACATCG,2012-064-697_mc402_rattus norvegicus_20160401_modern_2_16_nucmit,HWWNTBCXX_1_GTGTAT~ACATCG
JLeonard_160722,HWWNTBCXX,1,ACAGTG~CCTCTG,USNM143452_mc806_Rattus annandalei_2016may__92_5_nucmit,HWWNTBCXX_1_ACAGTG~CCTCTG
JLeonard_160722,HWWNTBCXX,1,TGATCG~GCCTAA,D71_D71_Crocidura suaveolens_20160405_modern_3_15_nucmit,HWWNTBCXX_1_TGATCG~GCCTAA
JLeonard_160722,HWWNTBCXX,1,ACGTGC~ACTTCT,BM1971.2846_mc842_Sundamys infraluteus_2016may__93_42_nucmit,HWWNTBCXX_1_ACGTGC~ACTTCT
JLeonard_160722,HWWNTBCXX,1,TGATGC~CGCGCT,USNM311354_239_Tmcclellandii_2016may_historic_99_29_nucmit,HWWNTBCXX_1_TGATGC~CGCGCT
JLeonard_160722,HWWNTBCXX,1,CTTGTA~ACATCG,2012-015-061_mc397_arvicola sapidus_20160401_modern_2_12_nucmit,HWWNTBCXX_1_CTTGTA~ACATCG
JLeonard_160722,HWWNTBCXX,1,CTATCA~CGTGAT,BOR531_mc597_Rattus baluensis_20160330_modern_1_13_nucmit,HWWNTBCXX_1_CTATCA~CGTGAT
JLeonard_160722,HWWNTBCXX,1,TGACCA~ATTGGC,BOR535_mc78R_Maxomys alticola_20160505_modern_6_4_nucmit,HWWNTBCXX_1_TGACCA~ATTGGC
JLeonard_160722,HWWNTBCXX,1,GATCAG~CGCGCT,_228_blank_2016may_historic_99_9_nucmit,HWWNTBCXX_1_GATCAG~CGCGCT
JLeonard_160722,HWWNTBCXX,1,TAGATG~CGCGCT,_251_blank_2016may_historic_99_25_nucmit,HWWNTBCXX_1_TAGATG~CGCGCT
JLeonard_160722,HWWNTBCXX,1,GCCAAT~CACTGT,BOR567_mc85R_Sundamys muelleri_20160504_modern_5_6_nucmit,HWWNTBCXX_1_GCCAAT~CACTGT
JLeonard_160722,HWWNTBCXX,1,GAGAAG~GCCTAA,960225Rtu27_M.10_Rhoguessa sp._20160405_modern_3_45_nucmit,HWWNTBCXX_1_GAGAAG~GCCTAA
JLeonard_160722,HWWNTBCXX,1,CACGAA~CGTGAT,2010045010_mc708_sciurus vulgaris_20160330_modern_1_46_nucmit,HWWNTBCXX_1_CACGAA~CGTGAT
JLeonard_160722,HWWNTBCXX,1,CGATGT~CGCGCT,USNM111910_93_Callosciurus caniceps_2016may_historic_99_2_nucmit,HWWNTBCXX_1_CGATGT~CGCGCT
JLeonard_160722,HWWNTBCXX,1,GGCTAC~CGTGAT,BOR229_mc595_maxomys rajah_20160330_modern_1_11_nucmit,HWWNTBCXX_1_GGCTAC~CGTGAT
JLeonard_160722,HWWNTBCXX,1,CGTATA~CGCGCT,USNM111976_115_Ccaniceps_2016may_historic_99_14_nucmit,HWWNTBCXX_1_CGTATA~CGCGCT
JLeonard_160722,HWWNTBCXX,1,CAGCTA~CGTGAT,BOR061_mc459_Sundasciurus lowii_20160330_modern_1_20_nucmit,HWWNTBCXX_1_CAGCTA~CGTGAT
JLeonard_160722,HWWNTBCXX,1,TGACCA~ACATCG,2012-064-132_mc386_rattus rattus_20160401_modern_2_4_nucmit,HWWNTBCXX_1_TGACCA~ACATCG
JLeonard_160722,HWWNTBCXX,1,CGATGT~CGTGAT,BOR459_mc688_Leopoldamys sabanus_20160330_modern_1_2_nucmit,HWWNTBCXX_1_CGATGT~CGTGAT
JLeonard_160722,HWWNTBCXX,1,GAGATA~CGTGAT,2014007010_mc493_Crocidurasuaveolens_20160330_modern_1_34_nucmit,HWWNTBCXX_1_GAGATA~CGTGAT
JLeonard_160722,HWWNTBCXX,1,TGAACA~ACATCG,mc324_mc324_rabbit-cow-fox?_20160401_modern_2_18_nucmit,HWWNTBCXX_1_TGAACA~ACATCG
JLeonard_160722,HWWNTBCXX,1,AGCATG~CGTGAT,1900172137_mc702_Rattus norvegicus_20160330_modern_1_23_nucmit,HWWNTBCXX_1_AGCATG~CGTGAT
JLeonard_160722,HWWNTBCXX,1,GCAACG~GCCTAA,Hsa15624_M.3 Repet_Hypsugo savii_20160405_modern_3_38_nucmit,HWWNTBCXX_1_GCAACG~GCCTAA
JLeonard_160722,HWWNTBCXX,1,TGTGAC~ACTTCT,ANSP20309_mc826_Rattus hoogerwerfi_2016may__93_26_nucmit,HWWNTBCXX_1_TGTGAC~ACTTCT
JLeonard_160722,HWWNTBCXX,1,CTTGTA~GCCTAA,CC24_CC24_Crocidura suaveolens_20160405_modern_3_12_nucmit,HWWNTBCXX_1_CTTGTA~GCCTAA
JLeonard_160722,HWWNTBCXX,1,CGATGT~GCCTAA,BOR036_mc330_lenothrix canux_20160405_modern_3_2_nucmit,HWWNTBCXX_1_CGATGT~GCCTAA
JLeonard_160722,HWWNTBCXX,1,TGATGC~ACATCG,BOR366_mc95_Maxomys alticola_20160401_modern_2_29_nucmit,HWWNTBCXX_1_TGATGC~ACATCG
JLeonard_160722,HWWNTBCXX,1,CAGCTA~CCTCTG,ANSP20356_mc821_Sundamys infraluteus_2016may__92_20_nucmit,HWWNTBCXX_1_CAGCTA~CCTCTG
JLeonard_160722,HWWNTBCXX,1,TGTCTG~CGTGAT,2012-064-118_mc376_mus spretus_20160330_modern_1_41_nucmit,HWWNTBCXX_1_TGTCTG~CGTGAT
JLeonard_160722,HWWNTBCXX,1,GACGAC~CGTGAT,2011057001_mc716_Ocuniculus_20160330_modern_1_30_nucmit,HWWNTBCXX_1_GACGAC~CGTGAT
JLeonard_160722,HWWNTBCXX,1,ACGCAT~GCCTAA,JAL5889_JAL15_Mus spretus_20160405_modern_3_32_nucmit,HWWNTBCXX_1_ACGCAT~GCCTAA
JLeonard_160722,HWWNTBCXX,1,CTATCA~ACATCG,2008-026-101_mc398_sciurus vulgaris_20160401_modern_2_13_nucmit,HWWNTBCXX_1_CTATCA~ACATCG
JLeonard_160722,HWWNTBCXX,1,TGCAGG~CGCGCT,USNM259764_250_Tmcclellandii_2016may_historic_99_36_nucmit,HWWNTBCXX_1_TGCAGG~CGCGCT
JLeonard_160722,HWWNTBCXX,1,GACGAC~CGCGCT,USNM84401_241_Tamiops mcclellandii_2016may_historic_99_30_nucmit,HWWNTBCXX_1_GACGAC~CGCGCT
JLeonard_160722,HWWNTBCXX,1,GACGAC~GCCTAA,JAL5887_JAL13_Mus spretus_20160405_modern_3_30_nucmit,HWWNTBCXX_1_GACGAC~GCCTAA
JLeonard_160722,HWWNTBCXX,1,CGATGA~CCTCTG,_mc847_blank extraction_2016may__92_24_nucmit,HWWNTBCXX_1_CGATGA~CCTCTG
JLeonard_160722,HWWNTBCXX,1,GATCAG~CGTGAT,BOR004_mc589_maxomys rajah_20160330_modern_1_9_nucmit,HWWNTBCXX_1_GATCAG~CGTGAT
JLeonard_160722,HWWNTBCXX,1,ATCACG~CGTGAT,BOR170_mc679_Mus castaneus_20160330_modern_1_1_nucmit,HWWNTBCXX_1_ATCACG~CGTGAT
JLeonard_160722,HWWNTBCXX,1,CGATGA~GCCTAA,JAL5881_JAL7_Mus spretus_20160405_modern_3_24_nucmit,HWWNTBCXX_1_CGATGA~GCCTAA
JLeonard_160722,HWWNTBCXX,1,TGTGAC~CGTGAT,2011058006_mc707_Microtus cabrerae_20160330_modern_1_26_nucmit,HWWNTBCXX_1_TGTGAC~CGTGAT
JLeonard_160722,HWWNTBCXX,1,GGCTAC~ACATCG,2011-020-017_mc396_eliomys quercinus_20160401_modern_2_11_nucmit,HWWNTBCXX_1_GGCTAC~ACATCG
JLeonard_160722,HWWNTBCXX,1,GATCAG~GCCTAA,mc215.canid,HWWNTBCXX_1_GATCAG~GCCTAA
JLeonard_160722,HWWNTBCXX,1,GTGTAT~GCCTAA,D21_D21_Crocidura suaveolens_20160405_modern_3_16_nucmit,HWWNTBCXX_1_GTGTAT~GCCTAA
JLeonard_160722,HWWNTBCXX,1,ACGCAT~CGCGCT,USNM256899_245_Tmcclellandii_2016may_historic_99_32_nucmit,HWWNTBCXX_1_ACGCAT~CGCGCT
JLeonard_160722,HWWNTBCXX,1,GATCAG~CACTGT,BOR068_mc105R_Tupaia montana_20160504_modern_5_9_nucmit,HWWNTBCXX_1_GATCAG~CACTGT
JLeonard_160722,HWWNTBCXX,1,TGATCC~ACATCG,BOR313_mc213_Dremomys everetti_20160401_modern_2_43_nucmit,HWWNTBCXX_1_TGATCC~ACATCG
JLeonard_160722,HWWNTBCXX,1,TGATCC~GCCTAA,2ET16_M.8_Scotophilus_20160405_modern_3_43_nucmit,HWWNTBCXX_1_TGATCC~GCCTAA
JLeonard_160722,HWWNTBCXX,1,CTCTAG~ACTTCT,BM47.1459_mc844_Sundamys muelleri_2016may__93_44_nucmit,HWWNTBCXX_1_CTCTAG~ACTTCT
JLeonard_160722,HWWNTBCXX,1,ACGTGC~ACATCG,BOR308_mc211_Dremomys everetti_20160401_modern_2_42_nucmit,HWWNTBCXX_1_ACGTGC~ACATCG
JLeonard_160722,HWWNTBCXX,1,GAGATA~CGCGCT,USNM253614_246_Tmcclellandii_2016may_historic_99_34_nucmit,HWWNTBCXX_1_GAGATA~CGCGCT
JLeonard_160722,HWWNTBCXX,1,ATCACG~CCTCTG,mc802_annandalei92_1nucmit,HWWNTBCXX_1_ATCACG~CCTCTG
JLeonard_160722,HWWNTBCXX,1,ACTTGA~ATTGGC,2012014001_mc697r_Crocidura russula_20160505_modern_6_8_nucmit,HWWNTBCXX_1_ACTTGA~ATTGGC
JLeonard_160722,HWWNTBCXX,1,ACGCAT~CGTGAT,2012022013_mc718_Eliomys quercinus_20160330_modern_1_32_nucmit,HWWNTBCXX_1_ACGCAT~CGTGAT
JLeonard_160722,HWWNTBCXX,1,TAGCTT~CGCGCT,USNM355611_107_Ccaniceps_2016may_historic_99_10_nucmit,HWWNTBCXX_1_TAGCTT~CGCGCT
JLeonard_160722,HWWNTBCXX,1,TGAACA~CGCGCT,USNM259765_43_Tamiops mcclellandii_2016may_historic_99_18_nucmit,HWWNTBCXX_1_TGAACA~CGCGCT
JLeonard_160722,HWWNTBCXX,1,CGTATA~CCTCTG,USNM121764_mc815_Sundamys muelleri_2016may__92_14_nucmit,HWWNTBCXX_1_CGTATA~CCTCTG
JLeonard_160722,HWWNTBCXX,1,TGTCTG~GCCTAA,100819Ppy_M.6Rep_Ppygmaeus_20160405_modern_3_41_nucmit,HWWNTBCXX_1_TGTCTG~GCCTAA
JLeonard_160722,HWWNTBCXX,1,GTGTAT~CGTGAT,BOR014_mc455_Chiropodomys gliroides_20160330_modern_1_16_nucmit,HWWNTBCXX_1_GTGTAT~CGTGAT
JLeonard_160722,HWWNTBCXX,1,TCTCGC~ACTTCT,USNM301054_mc828_Maxomys alticola_2016may__93_28_nucmit,HWWNTBCXX_1_TCTCGC~ACTTCT
JLeonard_160722,HWWNTBCXX,1,GTATCT~ACATCG,BOR567_mc12_Sundamys muelleri_20160401_modern_2_19_nucmit,HWWNTBCXX_1_GTATCT~ACATCG
JLeonard_160722,HWWNTBCXX,1,CAGATC~CCTCTG,USNM301077_mc808_Sundamys infraluteus_2016may__92_7_nucmit,HWWNTBCXX_1_CAGATC~CCTCTG
JLeonard_160722,HWWNTBCXX,1,TTAGGC~CGTGAT,BOR458_mc565_maxomys surifer_20160330_modern_1_3_nucmit,HWWNTBCXX_1_TTAGGC~CGTGAT
JLeonard_160722,HWWNTBCXX,1,CTTGTA~CGCGCT,USNM253437_111_Ccaniceps_2016may_historic_99_12_nucmit,HWWNTBCXX_1_CTTGTA~CGCGCT
JLeonard_160722,HWWNTBCXX,1,TAGCTT~CCTCTG,USNM151966_mc811_Sundamys muelleri_2016may__92_10_nucmit,HWWNTBCXX_1_TAGCTT~CCTCTG
JLeonard_160722,HWWNTBCXX,1,CAGCTA~CACTGT,BOR002_mc98R_Maxomys whiteheadi_20160504_modern_5_20_nucmit,HWWNTBCXX_1_CAGCTA~CACTGT
JLeonard_160722,HWWNTBCXX,1,CTTGTA~CACTGT,BOR152_mc109R_Maxomys whiteheadi_20160504_modern_5_12_nucmit,HWWNTBCXX_1_CTTGTA~CACTGT
JLeonard_160722,HWWNTBCXX,1,TAGCTT~ACATCG,2013-023-008_mc395_arvicola sapidus_20160401_modern_2_10_nucmit,HWWNTBCXX_1_TAGCTT~ACATCG
JLeonard_160722,HWWNTBCXX,1,GAGATA~GCCTAA,JAL5939_JAL17_Mus spretus_20160405_modern_3_34_nucmit,HWWNTBCXX_1_GAGATA~GCCTAA
JLeonard_160722,HWWNTBCXX,1,ACATAC~CGCGCT,USNM314921_224_Tmcclellandii_2016may_historic_99_21_nucmit,HWWNTBCXX_1_ACATAC~CGCGCT
JLeonard_160722,HWWNTBCXX,1,CAGATC~CGTGAT,BOR434_mc569_maxomys rajah_20160330_modern_1_7_nucmit,HWWNTBCXX_1_CAGATC~CGTGAT
JLeonard_160722,HWWNTBCXX,1,TGAGCC~GCCTAA,JAL5879_JAL5_Mus spretus_20160405_modern_3_22_nucmit,HWWNTBCXX_1_TGAGCC~GCCTAA
JLeonard_160722,HWWNTBCXX,1,TCTCGC~GCCTAA,JAL5885_JAL11_Mus spretus_20160405_modern_3_28_nucmit,HWWNTBCXX_1_TCTCGC~GCCTAA
JLeonard_160722,HWWNTBCXX,1,TTAGGC~GCCTAA,BOR351_mc214_Hylomys suillus_20160405_modern_3_3_nucmit,HWWNTBCXX_1_TTAGGC~GCCTAA
JLeonard_160722,HWWNTBCXX,1,CTTGTA~CGTGAT,BOR543_mc596_Rattus baluensis_20160330_modern_1_12_nucmit,HWWNTBCXX_1_CTTGTA~CGTGAT
JLeonard_160722,HWWNTBCXX,1,ACAGTG~ATTGGC,BOR217_mc111R_Maxomys alticola_20160505_modern_6_5_nucmit,HWWNTBCXX_1_ACAGTG~ATTGGC
JLeonard_160722,HWWNTBCXX,1,TGCATA~GCCTAA,JAL5884_JAL10_Mus spretus_20160405_modern_3_27_nucmit,HWWNTBCXX_1_TGCATA~GCCTAA
JLeonard_160722,HWWNTBCXX,1,TGCATA~CGTGAT,2015007001_mc711_Arvicola sapidus_20160330_modern_1_27_nucmit,HWWNTBCXX_1_TGCATA~CGTGAT
JLeonard_160722,HWWNTBCXX,1,TGATGC~GCCTAA,JAL5886_JAL12_Mus spretus_20160405_modern_3_29_nucmit,HWWNTBCXX_1_TGATGC~GCCTAA
JLeonard_160722,HWWNTBCXX,1,TGTCTG~ACATCG,BOR278_mc104_Maxomys whiteheadi_20160401_modern_2_41_nucmit,HWWNTBCXX_1_TGTCTG~ACATCG
JLeonard_160722,HWWNTBCXX,1,CAGCTA~ACATCG,BOR562_mc14_Sundamys muelleri_20160401_modern_2_20_nucmit,HWWNTBCXX_1_CAGCTA~ACATCG
JLeonard_160722,HWWNTBCXX,1,TGTGAC~CGCGCT,USNM311357_233_Tmcclellandii_2016may_historic_99_26_nucmit,HWWNTBCXX_1_TGTGAC~CGCGCT
JLeonard_160722,HWWNTBCXX,1,GGCTAC~CGCGCT,USNM355612_109_Ccaniceps_2016may_historic_99_11_nucmit,HWWNTBCXX_1_GGCTAC~CGCGCT
JLeonard_160722,HWWNTBCXX,1,TGATGC~CGTGAT,1900200091_mc714_Cglareolus_20160330_modern_1_29_nucmit,HWWNTBCXX_1_TGATGC~CGTGAT
JLeonard_160722,HWWNTBCXX,1,CGATGT~ACATCG,2012-064-125_mc379_rattus rattus_20160401_modern_2_2_nucmit,HWWNTBCXX_1_CGATGT~ACATCG
JLeonard_160722,HWWNTBCXX,1,GACACT~ACATCG,BOR003_mc97_Niviventer cremoriventer_20160401_modern_2_31_nucmit,HWWNTBCXX_1_GACACT~ACATCG
JLeonard_160722,HWWNTBCXX,1,AGCATG~CGCGCT,USNM36044_229_Tamiops mcclellandii_2016may_historic_99_23_nucmit,HWWNTBCXX_1_AGCATG~CGCGCT
JLeonard_160722,HWWNTBCXX,1,ACAGTG~CACTGT,BOR172_mc80R_Rattus rattus_20160504_modern_5_5_nucmit,HWWNTBCXX_1_ACAGTG~CACTGT
JLeonard_160722,HWWNTBCXX,1,TGACCA~CCTCTG,USNM143449_mc805_Rattus annandalei_2016may__92_4_nucmit,HWWNTBCXX_1_TGACCA~CCTCTG
JLeonard_160722,HWWNTBCXX,1,CTCTAG~GCCTAA,2ET14_M.9_Hypsugo sp._20160405_modern_3_44_nucmit,HWWNTBCXX_1_CTCTAG~GCCTAA
JLeonard_160722,HWWNTBCXX,1,CGCTAT~ACATCG,mc323_mc323_rabbit-cow-fox?_20160401_modern_2_17_nucmit,HWWNTBCXX_1_CGCTAT~ACATCG
JLeonard_160722,HWWNTBCXX,1,TGAGCC~CCTCTG,ANSP20337_mc823_Niviventer rapit_2016may__92_22_nucmit,HWWNTBCXX_1_TGAGCC~CCTCTG
JLeonard_160722,HWWNTBCXX,1,TGAACA~CGTGAT,BOR040_mc457_Suncus etruscus_20160330_modern_1_18_nucmit,HWWNTBCXX_1_TGAACA~CGTGAT
JLeonard_160722,HWWNTBCXX,1,CACGAA~ACTTCT,_mc846_blank extraction_2016may__93_46_nucmit,HWWNTBCXX_1_CACGAA~ACTTCT
JLeonard_160722,HWWNTBCXX,1,ACAGTG~CGCGCT,USNM124114_99_Ccaniceps_2016may_historic_99_5_nucmit,HWWNTBCXX_1_ACAGTG~CGCGCT
JLeonard_160722,HWWNTBCXX,1,CTATCA~CCTCTG,USNM199014_mc814_Sundamys muelleri_2016may__92_13_nucmit,HWWNTBCXX_1_CTATCA~CCTCTG
JLeonard_160722,HWWNTBCXX,1,TGACGT~ACTTCT,AMNH106669_mc840_Sundamys infraluteus_2016may__93_40_nucmit,HWWNTBCXX_1_TGACGT~ACTTCT
JLeonard_160722,HWWNTBCXX,1,GCCAAT~ACATCG,2012-064-084_mc390_Asylvaticus_20160401_modern_2_6_nucmit,HWWNTBCXX_1_GCCAAT~ACATCG
JLeonard_160722,HWWNTBCXX,1,GTGTAT~CGCGCT,USNM311354_33_Tamiops mcclellandii_2016may_historic_99_16_nucmit,HWWNTBCXX_1_GTGTAT~CGCGCT
JLeonard_160722,HWWNTBCXX,1,ACTTGA~CGCGCT,USNM291277_105_Ccaniceps_2016may_historic_99_8_nucmit,HWWNTBCXX_1_ACTTGA~CGCGCT
JLeonard_160722,HWWNTBCXX,1,TAGATG~ACTTCT,ANSP20319_mc825_Rattus hoogerwerfi_2016may__93_25_nucmit,HWWNTBCXX_1_TAGATG~ACTTCT
JLeonard_160722,HWWNTBCXX,1,TAGATG~CGTGAT,1900172119_mc706_Microtus nivalis_20160330_modern_1_25_nucmit,HWWNTBCXX_1_TAGATG~CGTGAT
JLeonard_160722,HWWNTBCXX,1,TGATCC~ACTTCT,BM19.11.5.81_mc843_Rattus korinchi_2016may__93_43_nucmit,HWWNTBCXX_1_TGATCC~ACTTCT
JLeonard_160722,HWWNTBCXX,1,CACGAA~GCCTAA,300308Ap24_M.11_Antrozous pallidus_20160405_modern_3_46_nucmit,HWWNTBCXX_1_CACGAA~GCCTAA
JLeonard_160722,HWWNTBCXX,1,TAGCTT~CGTGAT,BOR375_mc594_Rattus baluensis_20160330_modern_1_10_nucmit,HWWNTBCXX_1_TAGCTT~CGTGAT
JLeonard_160722,HWWNTBCXX,1,CGACCT~GCCTAA,PB4983_M.4_Eptesicus nasutus_20160405_modern_3_39_nucmit,HWWNTBCXX_1_CGACCT~GCCTAA
JLeonard_160722,HWWNTBCXX,1,ACATAC~GCCTAA,JAL5878_JAL4_Mus spretus_20160405_modern_3_21_nucmit,HWWNTBCXX_1_ACATAC~GCCTAA
JLeonard_160722,HWWNTBCXX,1,CTATCA~GCCTAA,PV2_PV2_Crocidura suaveolens_20160405_modern_3_13_nucmit,HWWNTBCXX_1_CTATCA~GCCTAA
JLeonard_160722,HWWNTBCXX,1,TGATCG~ACATCG,2012-064-696_mc401_rattus norvegicus_20160401_modern_2_15_nucmit,HWWNTBCXX_1_TGATCG~ACATCG
JLeonard_160722,HWWNTBCXX,1,TAGCTT~CACTGT,BOR554_mc107R_Niviventer Rapit_20160504_modern_5_10_nucmit,HWWNTBCXX_1_TAGCTT~CACTGT
JLeonard_160722,HWWNTBCXX,1,CGATGA~ACATCG,BOR561_mc69_Rattus rattus_20160401_modern_2_24_nucmit,HWWNTBCXX_1_CGATGA~ACATCG
JLeonard_160722,HWWNTBCXX,1,CTTGTA~CCTCTG,USNM199013_mc813_Sundamys muelleri_2016may__92_12_nucmit,HWWNTBCXX_1_CTTGTA~CCTCTG
JLeonard_160722,HWWNTBCXX,1,GTATCT~CGTGAT,BOR460_mc458_Sundasciurus jentinki_20160330_modern_1_19_nucmit,HWWNTBCXX_1_GTATCT~CGTGAT
JLeonard_160722,HWWNTBCXX,1,ACTTGA~GCCTAA,1900-172-103_mc393r_chionomys nivalis_20160405_modern_3_8_nucmit,HWWNTBCXX_1_ACTTGA~GCCTAA
JLeonard_160722,HWWNTBCXX,1,TTAGGC~ACATCG,2012-064-127_mc380_Asylvaticus_20160401_modern_2_3_nucmit,HWWNTBCXX_1_TTAGGC~ACATCG
JLeonard_160722,HWWNTBCXX,1,GACACT~CGTGAT,2011041039_mc717_Ocuniculus_20160330_modern_1_31_nucmit,HWWNTBCXX_1_GACACT~CGTGAT
JLeonard_160722,HWWNTBCXX,1,TGACGT~ACATCG,BOR311_mc101_niviventer rapit_20160401_modern_2_40_nucmit,HWWNTBCXX_1_TGACGT~ACATCG
JLeonard_160722,HWWNTBCXX,1,TTAGGC~CGCGCT,USNM124043_95_Callosciurus caniceps_2016may_historic_99_3_nucmit,HWWNTBCXX_1_TTAGGC~CGCGCT
JLeonard_160722,HWWNTBCXX,1,TGATCG~CGCGCT,USNM253436_117_Ccaniceps_2016may_historic_99_15_nucmit,HWWNTBCXX_1_TGATCG~CGCGCT
JLeonard_160722,HWWNTBCXX,1,GCCAAT~CGCGCT,USNM255737_101_Ccaniceps_2016may_historic_99_6_nucmit,HWWNTBCXX_1_GCCAAT~CGCGCT
JLeonard_160722,HWWNTBCXX,1,CTGACA~CGCGCT,USNM152187_248_Tmcclellandii_2016may_historic_99_35_nucmit,HWWNTBCXX_1_CTGACA~CGCGCT
JLeonard_160722,HWWNTBCXX,1,CGTATA~CGTGAT,BOR428_mc453_Cprevostii pluto_20160330_modern_1_14_nucmit,HWWNTBCXX_1_CGTATA~CGTGAT
JLeonard_160722,HWWNTBCXX,1,CGACCT~CGTGAT,2012-064-140_mc374_mus spretus_20160330_modern_1_39_nucmit,HWWNTBCXX_1_CGACCT~CGTGAT
JLeonard_160722,HWWNTBCXX,1,GTGTAT~CCTCTG,USNM114379_mc817_Sundamys muelleri_2016may__92_16_nucmit,HWWNTBCXX_1_GTGTAT~CCTCTG
JLeonard_160722,HWWNTBCXX,1,GACCGG~CGTGAT,2014007024_mc720_Suncus etruscus_20160330_modern_1_33_nucmit,HWWNTBCXX_1_GACCGG~CGTGAT
JLeonard_160722,HWWNTBCXX,1,CTGACA~GCCTAA,JAL5940_JAL18_Mus spretus_20160405_modern_3_35_nucmit,HWWNTBCXX_1_CTGACA~GCCTAA
JLeonard_160722,HWWNTBCXX,1,TCTCGC~CGCGCT,USNM314922_237_Tmcclellandii_2016may_historic_99_28_nucmit,HWWNTBCXX_1_TCTCGC~CGCGCT
JLeonard_160722,HWWNTBCXX,1,GACCGG~GCCTAA,JAL5890_JAL16_Mus spretus_20160405_modern_3_33_nucmit,HWWNTBCXX_1_GACCGG~GCCTAA
JLeonard_160722,HWWNTBCXX,1,ACTGCC~CGTGAT,2012-064-133_mc372Asylvaticus_20160330_modern_1_37_nucmit,HWWNTBCXX_1_ACTGCC~CGTGAT
JLeonard_160722,HWWNTBCXX,1,ACAGTG~ACATCG,2003-101-123_mc387_eliomys quercinus_20160401_modern_2_5_nucmit,HWWNTBCXX_1_ACAGTG~ACATCG
JLeonard_160722,HWWNTBCXX,1,CGATGT~ATTGGC,BOR574_mc25pR_Sundamys muelleri_20160505_modern_6_2_nucmit,HWWNTBCXX_1_CGATGT~ATTGGC
JLeonard_160722,HWWNTBCXX,1,GGCTAC~GCCTAA,D22_D22_Crocidura suaveolens_20160405_modern_3_11_nucmit,HWWNTBCXX_1_GGCTAC~GCCTAA
JLeonard_160722,HWWNTBCXX,1,TTAGGC~ATTGGC,BOR576_mc29R_Sundamys muelleri_20160505_modern_6_3_nucmit,HWWNTBCXX_1_TTAGGC~ATTGGC
JLeonard_160722,HWWNTBCXX,1,GTATCT~CCTCTG,RMNH23151_mc820_Rattus korinchi_2016may__92_19_nucmit,HWWNTBCXX_1_GTATCT~CCTCTG
JLeonard_160722,HWWNTBCXX,1,AGCATG~GCCTAA,JAL5880_JAL6_Mus spretus_20160405_modern_3_23_nucmit,HWWNTBCXX_1_AGCATG~GCCTAA
JLeonard_160722,HWWNTBCXX,1,GAGAAG~ACTTCT,BM1978.1549_mc845_Sundamys infraluteus_2016may__93_45_nucmit,HWWNTBCXX_1_GAGAAG~ACTTCT
JLeonard_160722,HWWNTBCXX,1,GATCAG~CCTCTG,USNM104839_mc810_Sundamys muelleri_2016may__92_9_nucmit,HWWNTBCXX_1_GATCAG~CCTCTG
JLeonard_160722,HWWNTBCXX,1,TGCAGG~CGTGAT,2014007015_mc495_Crocidurasuaveolens_20160330_modern_1_36_nucmit,HWWNTBCXX_1_TGCAGG~CGTGAT
JLeonard_160722,HWWNTBCXX,1,CTATCA~CACTGT,BOR135_mc110R_Niviventer rapit_20160504_modern_5_13_nucmit,HWWNTBCXX_1_CTATCA~CACTGT
JLeonard_160722,HWWNTBCXX,1,TGACCA~GCCTAA,BOR342_mc212_Hylomys suillus_20160405_modern_3_4_nucmit,HWWNTBCXX_1_TGACCA~GCCTAA
JLeonard_160722,HWWNTBCXX,1,TGATCG~CCTCTG,USNM121766_mc816_Sundamys muelleri_2016may__92_15_nucmit,HWWNTBCXX_1_TGATCG~CCTCTG
JLeonard_160722,HWWNTBCXX,1,GACACT~GCCTAA,JAL5888_JAL14_Mus spretus_20160405_modern_3_31_nucmit,HWWNTBCXX_1_GACACT~GCCTAA
JLeonard_160722,HWWNTBCXX,1,TGACGT~CGTGAT,2012-064-135_mc375_Asylvaticus_20160330_modern_1_40_nucmit,HWWNTBCXX_1_TGACGT~CGTGAT
JLeonard_160722,HWWNTBCXX,1,CGCTAT~CCTCTG,USNM114381_mc818_Sundamys muelleri_2016may__92_17_nucmit,HWWNTBCXX_1_CGCTAT~CCTCTG
JLeonard_160722,HWWNTBCXX,1,CGTATA~GCCTAA,G9_G9_Crocidura suaveolens_20160405_modern_3_14_nucmit,HWWNTBCXX_1_CGTATA~GCCTAA
JLeonard_160722,HWWNTBCXX,1,TGACCA~CGTGAT,BOR593_mc566_maxomys surifer_20160330_modern_1_4_nucmit,HWWNTBCXX_1_TGACCA~CGTGAT
JLeonard_160722,HWWNTBCXX,1,GTATCT~CGCGCT,USNM296532_47_Tamiops mcclellandii_2016may_historic_99_19_nucmit,HWWNTBCXX_1_GTATCT~CGCGCT
JLeonard_160722,HWWNTBCXX,1,TGATCC~CGTGAT,2013075014_mc699_Eliomys quercinus_20160330_modern_1_43_nucmit,HWWNTBCXX_1_TGATCC~CGTGAT
JLeonard_160722,HWWNTBCXX,1,ACTGCC~GCCTAA,000908Bba_M.2Repeti_Bbarbastellus_20160405_modern_3_37_nucmit,HWWNTBCXX_1_ACTGCC~GCCTAA
JLeonard_160722,HWWNTBCXX,1,TGCATA~ACTTCT,ANSP20315_mc827_Rattus hoogerwerfi_2016may__93_27_nucmit,HWWNTBCXX_1_TGCATA~ACTTCT
JLeonard_160722,HWWNTBCXX,1,GACGAC~ACTTCT,USNM301056_mc830_Maxomys alticola_2016may__93_30_nucmit,HWWNTBCXX_1_GACGAC~ACTTCT
JLeonard_160722,HWWNTBCXX,1,TGCAGG~GCCTAA,870516Nla1_M1Rep_Nlasiopterus_20160405_modern_3_36_nucmit,HWWNTBCXX_1_TGCAGG~GCCTAA
JLeonard_160722,HWWNTBCXX,1,CAGATC~ATTGGC,BOR023_mc82R_Niviventer cremoriventer_20160505_modern_6_7_nucmit,HWWNTBCXX_1_CAGATC~ATTGGC
JLeonard_160722,HWWNTBCXX,1,GACGAC~ACATCG,BOR042_mc96_Rattus tiomanicus_20160401_modern_2_30_nucmit,HWWNTBCXX_1_GACGAC~ACATCG
JLeonard_160722,HWWNTBCXX,1,GGCTAC~CCTCTG,USNM151971_mc812_Sundamys muelleri_2016may__92_11_nucmit,HWWNTBCXX_1_GGCTAC~CCTCTG
JLeonard_160722,HWWNTBCXX,1,TGATCG~CGTGAT,BOR454_mc454_Cprevostii pluto_20160330_modern_1_15_nucmit,HWWNTBCXX_1_TGATCG~CGTGAT
JLeonard_160722,HWWNTBCXX,1,TGATGC~ACTTCT,USNM301053_mc829_Maxomys alticola_2016may__93_29_nucmit,HWWNTBCXX_1_TGATGC~ACTTCT
JLeonard_160722,HWWNTBCXX,1,ACGTGC~GCCTAA,2ET11_M.7_Nycticeinops schleiffeni_20160405_modern_3_42_nucmit,HWWNTBCXX_1_ACGTGC~GCCTAA
JLeonard_160722,HWWNTBCXX,1,CAGCTA~CGCGCT,USNM296532_87_Tamiops mcclellandii_2016may_historic_99_20_nucmit,HWWNTBCXX_1_CAGCTA~CGCGCT
JLeonard_160722,HWWNTBCXX,1,TGACGT~GCCTAA,TK5893Efus_M.5 Rep_Eptesicus fuscus_20160405_modern_3_40_nucmit,HWWNTBCXX_1_TGACGT~GCCTAA
JLeonard_160722,HWWNTBCXX,1,ATCACG~ATTGGC,BOR421_mc19pR_N_cremoriventer_20160505_modern_6_1_nucmit,HWWNTBCXX_1_ATCACG~ATTGGC
JLeonard_160722,HWWNTBCXX,1,TGAACA~GCCTAA,JAL5875_JAL1_Mus spretus_20160405_modern_3_18_nucmit,HWWNTBCXX_1_TGAACA~GCCTAA
JLeonard_160722,HWWNTBCXX,1,ACTTGA~CGTGAT,BOR431_mc570_maxomys rajah_20160330_modern_1_8_nucmit,HWWNTBCXX_1_ACTTGA~CGTGAT
JLeonard_160722,HWWNTBCXX,1,CGATGA~CGTGAT,1900172138_mc703_Rattus norvegicus_20160330_modern_1_24_nucmit,HWWNTBCXX_1_CGATGA~CGTGAT
JLeonard_160722,HWWNTBCXX,1,GCCAAT~CCTCTG,USNM143451_mc807_Rattus annandalei_2016may__92_6_nucmit,HWWNTBCXX_1_GCCAAT~CCTCTG
JLeonard_160722,HWWNTBCXX,1,GGCTAC~CACTGT,BOR570_mc108R_Leopoldamys sabanus_20160504_modern_5_11_nucmit,HWWNTBCXX_1_GGCTAC~CACTGT
JLeonard_160722,HWWNTBCXX,1,TAGATG~GCCTAA,JAL5882_JAL8_Mus spretus_20160405_modern_3_25_nucmit,HWWNTBCXX_1_TAGATG~GCCTAA
JLeonard_160722,HWWNTBCXX,1,GACACT~ACTTCT,USNM301055_mc831_Maxomys alticola_2016may__93_31_nucmit,HWWNTBCXX_1_GACACT~ACTTCT
JLeonard_160722,HWWNTBCXX,1,CGATGT~TGGTCA,1900200147_mc713_Cglareolus_20160408_modern_4_2_nucmit,HWWNTBCXX_1_CGATGT~TGGTCA
JLeonard_160722,HWWNTBCXX,1,CGCTAT~CACTGT,BOR008_mc99R_Ncremoriventer_20160504_modern_5_17_nucmit,HWWNTBCXX_1_CGCTAT~CACTGT
JLeonard_160722,HWWNTBCXX,1,TAGCTT~GCCTAA,D18_D18_Crocidura suaveolens_20160405_modern_3_10_nucmit,HWWNTBCXX_1_TAGCTT~GCCTAA
JLeonard_160722,HWWNTBCXX,1,TGAGCC~CGTGAT,2012064590_mc701_Rattus rattus_20160330_modern_1_22_nucmit,HWWNTBCXX_1_TGAGCC~CGTGAT
JLeonard_160722,HWWNTBCXX,1,GCCAAT~ATTGGC,BOR204_mc112R_Tupaia montana_20160505_modern_6_6_nucmit,HWWNTBCXX_1_GCCAAT~ATTGGC
JLeonard_160722,HWWNTBCXX,1,CGCTAT~GCCTAA,C572_C572_Crocidura suaveolens_20160405_modern_3_17_nucmit,HWWNTBCXX_1_CGCTAT~GCCTAA
JLeonard_160722,HWWNTBCXX,1,ATCACG~ACATCG,2012-064-137_mc378_Asylvaticus_20160401_modern_2_1_nucmit,HWWNTBCXX_1_ATCACG~ACATCG
JLeonard_160722,HWWNTBCXX,1,ACAGTC~CGTGAT,2014038027_mc719_Suncus etruscus_20160330_modern_1_48_nucmit,HWWNTBCXX_1_ACAGTC~CGTGAT
JLeonard_160722,HWWNTBCXX,1,GACCGG~CGCGCT,_108_blank_2016may_historic_99_33_nucmit,HWWNTBCXX_1_GACCGG~CGCGCT
